time,vibrationLevel_4267,mean
2023-10-13 08:10:57.849000+00:00,0.0765,0.0765
2023-10-13 05:10:16.381000+00:00,0.0716,0.0716
2023-10-13 02:09:28.567000+00:00,0.0,0.0
2023-10-12 23:08:51.674000+00:00,0.0,0.0
2023-10-12 20:08:10.271000+00:00,0.086,0.086
2023-10-12 17:12:24.057000+00:00,0.0832,0.0832
2023-10-12 14:11:13+00:00,0.0859,0.0859
2023-10-12 11:10:03.435000+00:00,0.1023,0.1023
2023-10-12 08:08:43.088000+00:00,0.0915,0.0915
2023-10-12 05:08:06.949000+00:00,0.0924,0.0924
2023-10-12 02:07:12.540000+00:00,0.0,0.0
2023-10-11 23:11:32.104000+00:00,0.0,0.0
2023-10-11 20:10:51.897000+00:00,0.0623,0.0623
2023-10-11 17:09:58.803000+00:00,0.073,0.073
2023-10-11 14:11:42.024000+00:00,0.0817,0.0817
2023-10-11 11:11:31.719000+00:00,0.0543,0.0543
2023-10-11 08:10:24.722000+00:00,0.1232,0.1232
2023-10-11 05:09:41.073000+00:00,0.0743,0.0743
2023-10-10 23:08:19.053000+00:00,0.0,0.0
2023-10-10 20:07:48.134000+00:00,0.0791,0.0791
2023-10-10 17:11:57.857000+00:00,0.0918,0.0918
2023-10-10 14:08:53.167000+00:00,0.0985,0.0985
2023-10-10 11:10:29.739000+00:00,0.0482,0.0482
2023-10-10 08:07:03.503000+00:00,0.1188,0.1188
2023-10-10 05:11:24.786000+00:00,0.0622,0.0622
2023-10-10 02:10:35.704000+00:00,0.0,0.0
2023-10-09 23:09:50.178000+00:00,0.0,0.0
2023-10-09 20:09:23.406000+00:00,0.0567,0.0567
2023-10-09 17:08:31.812000+00:00,0.0566,0.0566
2023-10-09 11:11:02.594000+00:00,0.0766,0.0766
2023-10-09 08:10:32.044000+00:00,0.0836,0.0836
2023-10-09 02:10:58.754000+00:00,0.0,0.0
2023-10-08 23:10:23.278000+00:00,0.0,0.0
2023-10-08 20:09:52.924000+00:00,0.0,0.0
2023-10-08 17:09:26.150000+00:00,0.0,0.0
2023-10-08 14:08:54.420000+00:00,0.0,0.0
2023-10-08 11:08:23.671000+00:00,0.0,0.0
2023-10-08 08:07:42.439000+00:00,0.0,0.0
2023-10-08 05:07:11.292000+00:00,0.0,0.0
2023-10-08 02:11:35.099000+00:00,0.0,0.0
2023-10-07 23:11:09.949000+00:00,0.0,0.0
2023-10-07 20:10:38.202000+00:00,0.0,0.0
2023-10-07 17:10:07.028000+00:00,0.0,0.0
2023-10-07 14:09:36.544000+00:00,0.0,0.0
2023-10-07 11:09:05.686000+00:00,0.0,0.0
2023-10-07 08:08:34.330000+00:00,0.0,0.0
2023-10-07 05:07:57.859000+00:00,0.0,0.0
2023-10-07 02:07:26.164000+00:00,0.0,0.0
2023-10-06 23:07:01.320000+00:00,0.0,0.0
2023-10-06 20:11:36.448000+00:00,0.1226,0.1226
2023-10-06 17:08:06.562000+00:00,0.1538,0.1538
2023-10-06 14:09:38.965000+00:00,0.1106,0.1106
2023-10-06 11:10:39.835000+00:00,0.094,0.094
2023-10-06 08:10:00.031000+00:00,0.0859,0.0859
2023-10-06 05:09:15.253000+00:00,0.1085,0.1085
2023-10-06 02:08:19.097000+00:00,0.0,0.0
2023-10-05 23:07:42.861000+00:00,0.0,0.0
2023-10-05 20:07:06.067000+00:00,0.0613,0.0613
2023-10-05 17:08:45.200000+00:00,0.0713,0.0713
2023-10-05 14:08:00.634000+00:00,0.0622,0.0622
2023-10-05 11:09:37.586000+00:00,0.0734,0.0734
2023-10-05 08:07:37.338000+00:00,0.0878,0.0878
2023-10-05 05:09:22.977000+00:00,0.045,0.045
2023-10-05 02:08:25.792000+00:00,0.0,0.0
2023-10-04 23:07:54.531000+00:00,0.0,0.0
2023-10-04 20:07:08.859000+00:00,0.0,0.0
2023-10-04 17:06:43.529000+00:00,0.0128,0.0128
2023-10-04 14:05:18.058000+00:00,0.0134,0.0134
2023-10-04 11:08:30.403000+00:00,0.0775,0.0775
2023-10-04 08:07:02.360000+00:00,0.092,0.092
2023-10-04 05:11:24.570000+00:00,0.0309,0.0309
2023-10-03 23:06:28.282000+00:00,0.0199,0.0199
2023-10-03 20:07:50.036000+00:00,0.031,0.031
2023-10-03 17:08:18.568000+00:00,0.0805,0.0805
2023-10-03 14:07:42.936000+00:00,0.0845,0.0845
2023-10-03 11:11:34.964000+00:00,0.0863,0.0863
2023-10-03 08:10:20.371000+00:00,0.1431,0.1431
2023-10-03 05:06:59.435000+00:00,0.0705,0.0705
2023-10-03 02:11:18.651000+00:00,0.0,0.0
2023-10-02 23:10:48.788000+00:00,0.0,0.0
2023-10-02 20:10:18.048000+00:00,0.0761,0.0761
2023-10-02 17:09:30.236000+00:00,0.09,0.09
2023-10-02 14:08:22.551000+00:00,0.0905,0.0905
2023-10-02 11:07:12.826000+00:00,0.0679,0.0679
2023-10-02 08:09:21.390000+00:00,0.1008,0.1008
2023-10-02 05:06:55.752000+00:00,0.0468,0.0468
2023-10-02 02:11:13.883000+00:00,0.0,0.0
2023-10-01 23:10:42.471000+00:00,0.0,0.0
2023-10-01 20:10:07.038000+00:00,0.0,0.0
2023-10-01 17:09:35.174000+00:00,0.0,0.0
2023-10-01 14:08:54.270000+00:00,0.0,0.0
2023-10-01 11:08:27.513000+00:00,0.0,0.0
2023-10-01 08:08:00.810000+00:00,0.0,0.0
2023-10-01 05:07:19.388000+00:00,0.0,0.0
2023-10-01 02:06:37.392000+00:00,0.0,0.0
2023-09-30 23:11:06.711000+00:00,0.0,0.0
2023-09-30 20:10:35.351000+00:00,0.0,0.0
2023-09-30 17:09:59.673000+00:00,0.0,0.0
2023-09-30 14:09:22.957000+00:00,0.0,0.0
2023-09-30 11:08:57.164000+00:00,0.0,0.0
2023-09-30 08:08:22.080000+00:00,0.0,0.0
2023-09-30 05:07:56.601000+00:00,0.0,0.0
2023-09-30 02:07:20.084000+00:00,0.0,0.0
2023-09-29 23:06:49.594000+00:00,0.0,0.0
2023-09-29 20:11:19.373000+00:00,0.0,0.0
2023-09-29 11:08:55.972000+00:00,0.0707,0.0707
2023-09-29 08:10:49.667000+00:00,0.1186,0.1186
2023-09-29 05:10:05.011000+00:00,0.0714,0.0714
2023-09-29 02:09:17.838000+00:00,0.0,0.0
2023-09-28 23:08:51.441000+00:00,0.0,0.0
2023-09-28 20:08:26.486000+00:00,0.1162,0.1162
2023-09-28 17:07:03.055000+00:00,0.0884,0.0884
2023-09-28 14:10:46.578000+00:00,0.1289,0.1289
2023-09-28 11:07:38.502000+00:00,0.1038,0.1038
2023-09-28 08:10:23.891000+00:00,0.1042,0.1042
2023-09-28 05:07:09.125000+00:00,0.0178,0.0178
2023-09-28 02:11:14.697000+00:00,0.0024,0.0024
2023-09-27 23:07:36.286000+00:00,0.0023,0.0023
2023-09-27 20:09:09.325000+00:00,0.075,0.075
2023-09-27 17:06:41.922000+00:00,0.0652,0.0652
2023-09-27 14:08:38.930000+00:00,0.0984,0.0984
2023-09-27 11:07:25.088000+00:00,0.1184,0.1184
2023-09-27 08:10:53.053000+00:00,0.0028,0.0028
2023-09-27 05:09:09.370000+00:00,0.0,0.0
2023-09-27 02:08:37.901000+00:00,0.0,0.0
2023-09-26 23:08:07.595000+00:00,0.0,0.0
2023-09-26 20:07:31.770000+00:00,0.0,0.0
2023-09-26 17:07:01.644000+00:00,0.0206,0.0206
2023-09-26 14:09:34.260000+00:00,0.0024,0.0024
2023-09-26 11:07:58.355000+00:00,0.0029,0.0029
2023-09-26 08:06:36.815000+00:00,0.0255,0.0255
2023-09-26 05:10:52.818000+00:00,0.0,0.0
2023-09-26 02:10:26.307000+00:00,0.0,0.0
2023-09-25 23:09:50.659000+00:00,0.0,0.0
2023-09-25 20:09:20.314000+00:00,0.0,0.0
2023-09-25 17:08:49.090000+00:00,0.0018,0.0018
2023-09-25 14:07:15.010000+00:00,0.0118,0.0118
2023-09-25 08:10:27.532000+00:00,0.0048,0.0048
2023-09-24 08:10:12.284000+00:00,0.0,0.0
2023-09-24 05:09:36.048000+00:00,0.0,0.0
2023-09-24 02:09:00.954000+00:00,0.0,0.0
2023-09-23 23:08:29.837000+00:00,0.0,0.0
2023-09-23 20:07:54.723000+00:00,0.0,0.0
2023-09-23 17:07:13.648000+00:00,0.0,0.0
2023-09-23 14:06:37.318000+00:00,0.0,0.0
2023-09-23 11:10:56.739000+00:00,0.0,0.0
2023-09-23 08:10:30.789000+00:00,0.0,0.0
2023-09-23 05:09:49.059000+00:00,0.0,0.0
2023-09-23 02:09:18.741000+00:00,0.0,0.0
2023-09-22 23:08:43.587000+00:00,0.0,0.0
2023-09-22 20:08:12.200000+00:00,0.0,0.0
2023-09-22 17:07:42.220000+00:00,0.0,0.0
2023-09-22 14:07:10.390000+00:00,0.002,0.002
2023-09-22 11:06:11.397000+00:00,0.0,0.0
2023-09-22 08:10:46.205000+00:00,0.002,0.002
2023-09-22 05:09:32.486000+00:00,0.0,0.0
2023-09-22 02:09:01.927000+00:00,0.0,0.0
2023-09-21 23:08:26.016000+00:00,0.0,0.0
2023-09-21 20:07:55.837000+00:00,0.0,0.0
2023-09-21 17:07:29.076000+00:00,0.0,0.0
2023-09-21 14:12:05.494000+00:00,0.093,0.093
2023-09-21 11:06:14.476000+00:00,0.1278,0.1278
2023-09-21 08:10:36.996000+00:00,0.1054,0.1054
2023-09-21 05:09:59.039000+00:00,0.1217,0.1217
2023-09-21 02:09:06.450000+00:00,0.0,0.0
2023-09-20 23:08:40.809000+00:00,0.0,0.0
2023-09-20 20:08:05.737000+00:00,0.0,0.0
2023-09-20 17:07:40.836000+00:00,0.0,0.0
2023-09-20 14:07:04.976000+00:00,0.0,0.0
2023-09-20 11:06:38.781000+00:00,0.0,0.0
2023-09-20 08:06:13.865000+00:00,0.0,0.0
2023-09-20 05:05:48.221000+00:00,0.0,0.0
2023-09-20 02:10:17.851000+00:00,0.0,0.0
2023-09-19 23:09:31.448000+00:00,0.0,0.0
2023-09-19 20:08:55.125000+00:00,0.0,0.0
2023-09-19 17:08:28.808000+00:00,0.0,0.0
2023-09-19 14:07:56.892000+00:00,0.0,0.0
2023-09-19 11:07:20.025000+00:00,0.0,0.0
2023-09-19 08:06:43.287000+00:00,0.0,0.0
2023-09-19 05:06:12.910000+00:00,0.0,0.0
2023-09-19 02:10:31.709000+00:00,0.0,0.0
2023-09-18 23:09:56.325000+00:00,0.0,0.0
2023-09-18 20:09:30.568000+00:00,0.0,0.0
2023-09-18 17:09:05.326000+00:00,0.0,0.0
2023-09-18 14:08:34.575000+00:00,0.0,0.0
2023-09-18 11:08:02.759000+00:00,0.0,0.0
2023-09-18 08:07:06.444000+00:00,0.0188,0.0188
2023-09-18 05:06:09.611000+00:00,0.0,0.0
2023-09-18 02:05:43.112000+00:00,0.0,0.0
2023-09-17 23:10:02.384000+00:00,0.0,0.0
2023-09-17 20:09:36.001000+00:00,0.0,0.0
2023-09-17 17:08:58.902000+00:00,0.097,0.097
2023-09-17 14:05:36.582000+00:00,0.1033,0.1033
2023-09-17 11:15:02.256000+00:00,0.0726,0.0726
2023-09-17 08:05:41.123000+00:00,0.1286,0.1286
2023-09-17 05:09:47.096000+00:00,0.0,0.0
2023-09-17 02:09:21.864000+00:00,0.0,0.0
2023-09-16 23:08:56.059000+00:00,0.0,0.0
2023-09-16 20:08:20.438000+00:00,0.0,0.0
2023-09-16 17:07:48.834000+00:00,0.1034,0.1034
2023-09-16 14:06:55.213000+00:00,0.096,0.096
2023-09-16 11:06:08.746000+00:00,0.1273,0.1273
2023-09-16 08:08:47.090000+00:00,0.0945,0.0945
2023-09-16 05:07:58.603000+00:00,0.0,0.0
2023-09-16 02:07:21.521000+00:00,0.0,0.0
2023-09-15 23:06:45.840000+00:00,0.0,0.0
2023-09-15 20:06:14.854000+00:00,0.0,0.0
2023-09-15 17:05:42.977000+00:00,0.1226,0.1226
2023-09-15 14:09:49.569000+00:00,0.1431,0.1431
2023-09-15 11:03:34.054000+00:00,0.0022,0.0022
2023-09-15 08:17:47.662000+00:00,0.1172,0.1172
2023-09-15 05:09:00.365000+00:00,0.0782,0.0782
2023-09-15 02:06:34.176000+00:00,0.0019,0.0019
2023-09-14 23:10:10.480000+00:00,0.0022,0.0022
2023-09-14 20:09:55.407000+00:00,0.0021,0.0021
2023-09-14 17:21:17.148000+00:00,0.0918,0.0918
2023-09-14 14:07:55.758000+00:00,0.1948,0.1948
2023-09-14 11:14:32.729000+00:00,0.0022,0.0022
2023-09-14 08:05:06.710000+00:00,0.107,0.107
2023-09-14 05:07:06.056000+00:00,0.0992,0.0992
2023-09-14 02:08:36.883000+00:00,0.0,0.0
2023-09-13 23:08:05.828000+00:00,0.0,0.0
2023-09-13 20:07:20.575000+00:00,0.0,0.0
2023-09-13 17:06:44.704000+00:00,0.1452,0.1452
2023-09-13 14:05:48.306000+00:00,0.2124,0.2124
2023-09-13 11:09:40.975000+00:00,0.0025,0.0025
2023-09-13 08:04:36.619000+00:00,0.1331,0.1331
2023-09-13 05:06:14.570000+00:00,0.0854,0.0854
2023-09-13 02:05:25.587000+00:00,0.0,0.0
2023-09-12 23:09:44.755000+00:00,0.0,0.0
2023-09-12 20:09:08.433000+00:00,0.0,0.0
2023-09-12 17:08:42.082000+00:00,0.1355,0.1355
2023-09-12 14:10:09.150000+00:00,0.0877,0.0877
2023-09-12 11:06:44.356000+00:00,0.0022,0.0022
2023-09-12 08:05:18.720000+00:00,0.1327,0.1327
2023-09-12 05:05:25.307000+00:00,0.0612,0.0612
2023-09-12 02:09:39.702000+00:00,0.0,0.0
2023-09-11 23:09:08.869000+00:00,0.0,0.0
2023-09-11 20:08:42.283000+00:00,0.0,0.0
2023-09-11 17:08:16.005000+00:00,0.1017,0.1017
2023-09-11 14:07:30.826000+00:00,0.0977,0.0977
2023-09-11 11:04:18.060000+00:00,0.0023,0.0023
2023-09-11 08:05:29.379000+00:00,0.0917,0.0917
2023-09-11 05:09:58.551000+00:00,0.2078,0.2078
2023-09-11 02:09:08.942000+00:00,0.0,0.0
2023-09-10 23:08:37.593000+00:00,0.0,0.0
2023-09-10 20:08:07.711000+00:00,0.0,0.0
2023-09-10 17:07:31.105000+00:00,0.0948,0.0948
2023-09-10 14:09:13.715000+00:00,0.0821,0.0821
2023-09-10 11:08:28.106000+00:00,0.1649,0.1649
2023-09-10 08:07:39.335000+00:00,0.0915,0.0915
2023-09-10 05:06:33.500000+00:00,0.0,0.0
2023-09-10 02:05:46.763000+00:00,0.0,0.0
2023-09-09 23:05:15.101000+00:00,0.0,0.0
2023-09-09 20:09:40.024000+00:00,0.0,0.0
2023-09-09 14:06:32.973000+00:00,0.0906,0.0906
2023-09-09 11:08:06.500000+00:00,0.1068,0.1068
2023-09-09 08:07:14.162000+00:00,0.1594,0.1594
2023-09-09 05:06:19.045000+00:00,0.0,0.0
2023-09-09 02:05:32.381000+00:00,0.0,0.0
2023-09-08 23:09:56.256000+00:00,0.0,0.0
2023-09-08 20:09:15.667000+00:00,0.0,0.0
2023-09-08 17:08:45.568000+00:00,0.1308,0.1308
2023-09-08 14:07:51.534000+00:00,0.1709,0.1709
2023-09-08 11:11:50.776000+00:00,0.0464,0.0464
2023-09-08 05:09:54.842000+00:00,0.062,0.062
2023-09-08 02:09:06.901000+00:00,0.0,0.0
2023-09-07 23:08:40.919000+00:00,0.0,0.0
2023-09-07 20:08:10.835000+00:00,0.0,0.0
2023-09-07 17:07:45.335000+00:00,0.0885,0.0885
2023-09-07 14:06:59.864000+00:00,0.1237,0.1237
2023-09-07 11:05:41.735000+00:00,0.0119,0.0119
2023-09-07 08:06:27.315000+00:00,0.1196,0.1196
2023-09-07 05:08:13.882000+00:00,0.0836,0.0836
2023-09-07 02:07:14.944000+00:00,0.0,0.0
2023-09-06 23:06:33.189000+00:00,0.0,0.0
2023-09-06 17:05:36.503000+00:00,0.1072,0.1072
2023-09-06 11:08:41.774000+00:00,0.0,0.0
2023-09-06 08:13:10.989000+00:00,0.1272,0.1272
2023-09-06 05:07:08.895000+00:00,0.0869,0.0869
2023-09-06 02:06:24.993000+00:00,0.0,0.0
2023-09-05 23:05:53.528000+00:00,0.0,0.0
2023-09-05 20:05:23.401000+00:00,0.0,0.0
2023-09-05 17:09:42.766000+00:00,0.1098,0.1098
2023-09-05 14:08:53.947000+00:00,0.0906,0.0906
2023-09-05 11:07:58.469000+00:00,0.0021,0.0021
2023-09-05 08:06:50.093000+00:00,0.1402,0.1402
2023-09-05 05:06:03.919000+00:00,0.0941,0.0941
2023-09-05 02:05:04.398000+00:00,0.0,0.0
2023-09-04 23:09:24.471000+00:00,0.0,0.0
2023-09-04 20:08:58.299000+00:00,0.0,0.0
2023-09-04 17:08:32.900000+00:00,0.1178,0.1178
2023-09-04 14:05:03.406000+00:00,0.1276,0.1276
2023-09-04 11:08:58.004000+00:00,0.0021,0.0021
2023-09-04 08:14:45.722000+00:00,0.11,0.11
2023-09-04 05:08:48.889000+00:00,0.0703,0.0703
2023-09-04 02:07:47.354000+00:00,0.0,0.0
2023-09-03 23:07:10.970000+00:00,0.0,0.0
2023-09-03 20:06:44.845000+00:00,0.0,0.0
2023-09-03 17:06:18.717000+00:00,0.129,0.129
2023-09-03 14:05:22.143000+00:00,0.1326,0.1326
2023-09-03 11:03:59.314000+00:00,0.0945,0.0945
2023-09-03 08:07:19.885000+00:00,0.085,0.085
2023-09-03 05:08:18.611000+00:00,0.0,0.0
2023-09-03 02:07:36.611000+00:00,0.0,0.0
2023-09-02 23:07:10.492000+00:00,0.0,0.0
2023-09-02 20:06:40.423000+00:00,0.0,0.0
2023-09-02 17:06:03.854000+00:00,0.091,0.091
2023-09-02 14:05:10.345000+00:00,0.0984,0.0984
2023-09-02 11:09:17.812000+00:00,0.0871,0.0871
2023-09-02 08:06:49.273000+00:00,0.0955,0.0955
2023-09-02 05:05:48.666000+00:00,0.0,0.0
2023-09-02 02:05:17.297000+00:00,0.0,0.0
2023-09-01 23:04:46.569000+00:00,0.0,0.0
2023-09-01 20:09:21.652000+00:00,0.0,0.0
2023-09-01 17:08:36.369000+00:00,0.0982,0.0982
2023-09-01 14:07:39.997000+00:00,0.0843,0.0843
2023-09-01 11:06:37.421000+00:00,0.0,0.0
2023-09-01 08:10:52.802000+00:00,0.0887,0.0887
2023-09-01 05:04:51.330000+00:00,0.1066,0.1066
2023-09-01 02:09:05.856000+00:00,0.0,0.0
2023-08-31 20:08:05.152000+00:00,0.0,0.0
2023-08-31 17:07:23.419000+00:00,0.0888,0.0888
2023-08-31 14:06:34.080000+00:00,0.0968,0.0968
2023-08-31 11:05:43.112000+00:00,0.0,0.0
2023-08-31 08:04:57.276000+00:00,0.0863,0.0863
2023-08-31 05:06:46.636000+00:00,0.0309,0.0309
2023-08-31 02:07:40.327000+00:00,0.0,0.0
2023-08-30 23:07:09.309000+00:00,0.0,0.0
2023-08-30 20:06:43.176000+00:00,0.0,0.0
2023-08-30 17:06:17.556000+00:00,0.0828,0.0828
2023-08-30 14:05:20.292000+00:00,0.0965,0.0965
2023-08-30 11:04:24.126000+00:00,0.0,0.0
2023-08-30 08:13:49.471000+00:00,0.105,0.105
2023-08-30 05:05:22.844000+00:00,0.0618,0.0618
2023-08-30 02:04:29.930000+00:00,0.0,0.0
2023-08-29 23:09:04.218000+00:00,0.0,0.0
2023-08-29 20:08:28.310000+00:00,0.0,0.0
2023-08-29 17:08:02.642000+00:00,0.083,0.083
2023-08-29 14:07:15.497000+00:00,0.0817,0.0817
2023-08-29 11:06:21.003000+00:00,0.0024,0.0024
2023-08-29 08:04:20.181000+00:00,0.1015,0.1015
2023-08-29 05:08:37.888000+00:00,0.1184,0.1184
2023-08-29 02:07:54.544000+00:00,0.0,0.0
2023-08-28 23:07:23.684000+00:00,0.0,0.0
2023-08-28 20:06:52.309000+00:00,0.0,0.0
2023-08-28 17:06:22.318000+00:00,0.0909,0.0909
2023-08-28 14:05:31.873000+00:00,0.1151,0.1151
2023-08-28 11:07:03.512000+00:00,0.0022,0.0022
2023-08-28 08:13:32.836000+00:00,0.139,0.139
2023-08-28 05:04:59.637000+00:00,0.105,0.105
2023-08-28 02:08:50.081000+00:00,0.0,0.0
2023-08-27 23:08:08.492000+00:00,0.0,0.0
2023-08-27 20:07:33.246000+00:00,0.0,0.0
2023-08-27 17:06:51.501000+00:00,0.0963,0.0963
2023-08-27 14:05:51.282000+00:00,0.0965,0.0965
2023-08-27 11:07:26.365000+00:00,0.1142,0.1142
2023-08-27 08:09:01.168000+00:00,0.1425,0.1425
2023-08-27 05:07:53.931000+00:00,0.0,0.0
2023-08-27 02:07:17.863000+00:00,0.0,0.0
2023-08-26 23:06:46.938000+00:00,0.0,0.0
2023-08-26 20:06:15.834000+00:00,0.0,0.0
2023-08-26 17:05:50.133000+00:00,0.0974,0.0974
2023-08-26 14:04:52.607000+00:00,0.0929,0.0929
2023-08-26 11:08:56.731000+00:00,0.0875,0.0875
2023-08-26 08:08:01.293000+00:00,0.0968,0.0968
2023-08-26 05:06:59.792000+00:00,0.0,0.0
2023-08-26 02:06:24.546000+00:00,0.0,0.0
2023-08-25 23:05:54.411000+00:00,0.0,0.0
2023-08-25 20:05:28.153000+00:00,0.0,0.0
2023-08-25 17:04:56.980000+00:00,0.1058,0.1058
2023-08-25 14:08:54.856000+00:00,0.1232,0.1232
2023-08-25 11:07:56.532000+00:00,0.0597,0.0597
2023-08-25 08:11:52.308000+00:00,0.094,0.094
2023-08-25 05:05:49.079000+00:00,0.1764,0.1764
2023-08-25 02:04:58.697000+00:00,0.0,0.0
2023-08-24 23:04:32.277000+00:00,0.0,0.0
2023-08-24 20:04:01.385000+00:00,0.0,0.0
2023-08-24 17:08:36.144000+00:00,0.0954,0.0954
2023-08-24 14:07:39.570000+00:00,0.0966,0.0966
2023-08-24 11:04:03.604000+00:00,0.0066,0.0066
2023-08-24 08:05:27.810000+00:00,0.0842,0.0842
2023-08-24 05:04:38.694000+00:00,0.2164,0.2164
2023-08-24 02:08:42.609000+00:00,0.0,0.0
2023-08-23 23:08:12.596000+00:00,0.0,0.0
2023-08-23 20:07:47.377000+00:00,0.0,0.0
2023-08-23 17:07:16.303000+00:00,0.1,0.1
2023-08-23 14:08:48.443000+00:00,0.0965,0.0965
2023-08-23 11:05:01.403000+00:00,0.0021,0.0021
2023-08-23 08:10:53.322000+00:00,0.0832,0.0832
2023-08-23 05:05:04.146000+00:00,0.1005,0.1005
2023-08-23 02:06:04.758000+00:00,0.0,0.0
2023-08-22 23:05:29.457000+00:00,0.0,0.0
2023-08-22 20:05:03.547000+00:00,0.0472,0.0472
2023-08-22 14:08:39.022000+00:00,0.0737,0.0737
2023-08-22 11:05:23.909000+00:00,0.0034,0.0034
2023-08-22 08:07:06.078000+00:00,0.0795,0.0795
2023-08-22 05:06:27.901000+00:00,0.1571,0.1571
2023-08-22 02:05:39.920000+00:00,0.0,0.0
2023-08-21 23:05:14.746000+00:00,0.0,0.0
2023-08-21 20:04:33.728000+00:00,0.0,0.0
2023-08-21 17:04:03.030000+00:00,0.0935,0.0935
2023-08-21 14:08:11.193000+00:00,0.0974,0.0974
2023-08-21 11:09:56.162000+00:00,0.0023,0.0023
2023-08-21 08:04:54.502000+00:00,0.1268,0.1268
2023-08-21 05:06:42.344000+00:00,0.058,0.058
2023-08-21 02:05:09.229000+00:00,0.0,0.0
2023-08-20 23:04:44.410000+00:00,0.0,0.0
2023-08-20 20:04:18.327000+00:00,0.0,0.0
2023-08-20 17:03:42.817000+00:00,0.1076,0.1076
2023-08-20 14:05:08.367000+00:00,0.0968,0.0968
2023-08-20 11:04:15.299000+00:00,0.1008,0.1008
2023-08-20 08:08:20.490000+00:00,0.126,0.126
2023-08-20 05:07:03.099000+00:00,0.002,0.002
2023-08-20 02:08:10.198000+00:00,0.0022,0.0022
2023-08-19 23:04:25.225000+00:00,0.0,0.0
2023-08-19 20:07:27.702000+00:00,0.0021,0.0021
2023-08-19 17:08:21.135000+00:00,0.1071,0.1071
2023-08-19 14:06:43.716000+00:00,0.0975,0.0975
2023-08-19 11:08:16.001000+00:00,0.0961,0.0961
2023-08-19 08:07:19.633000+00:00,0.0023,0.0023
2023-08-19 05:03:47.090000+00:00,0.0,0.0
2023-08-19 02:08:20.828000+00:00,0.0,0.0
2023-08-18 23:07:50.078000+00:00,0.0568,0.0568
2023-08-18 20:07:08.137000+00:00,0.0764,0.0764
2023-08-18 17:07:20.183000+00:00,0.0925,0.0925
2023-08-18 14:08:22.157000+00:00,0.1113,0.1113
2023-08-18 11:07:26.665000+00:00,0.1797,0.1797
2023-08-18 08:03:54.759000+00:00,0.1326,0.1326
2023-08-18 05:08:08.185000+00:00,0.0538,0.0538
2023-08-18 02:07:22.585000+00:00,0.0,0.0
2023-08-17 23:06:52.315000+00:00,0.0,0.0
2023-08-17 20:06:15.343000+00:00,0.0,0.0
2023-08-17 17:05:48.625000+00:00,0.1369,0.1369
2023-08-17 14:04:50.014000+00:00,0.1274,0.1274
2023-08-17 11:06:21.657000+00:00,0.1288,0.1288
2023-08-17 08:05:20.301000+00:00,0.105,0.105
2023-08-17 05:04:39.960000+00:00,0.0519,0.0519
2023-08-17 02:08:14.904000+00:00,0.0,0.0
2023-08-16 23:07:44.756000+00:00,0.0,0.0
2023-08-16 20:07:14.009000+00:00,0.0,0.0
2023-08-16 17:06:48.437000+00:00,0.0986,0.0986
2023-08-16 14:08:23.982000+00:00,0.0946,0.0946
2023-08-16 11:07:22.195000+00:00,0.0862,0.0862
2023-08-16 08:05:21.057000+00:00,0.1156,0.1156
2023-08-16 05:04:36.793000+00:00,0.0423,0.0423
2023-08-16 02:08:15.741000+00:00,0.0,0.0
2023-08-15 23:07:44.347000+00:00,0.0,0.0
2023-08-15 20:06:52.398000+00:00,0.0,0.0
2023-08-15 17:06:16.424000+00:00,0.0971,0.0971
2023-08-15 14:05:16.588000+00:00,0.1052,0.1052
2023-08-15 11:04:30.873000+00:00,0.086,0.086
2023-08-15 08:07:18.336000+00:00,0.126,0.126
2023-08-15 05:06:37.412000+00:00,0.0546,0.0546
2023-08-15 02:05:11.138000+00:00,0.0029,0.0029
2023-08-14 23:03:25.041000+00:00,0.0023,0.0023
2023-08-14 20:05:30.507000+00:00,0.0022,0.0022
2023-08-14 17:04:24.953000+00:00,0.094,0.094
2023-08-14 14:07:23.249000+00:00,0.0919,0.0919
2023-08-14 11:16:40.564000+00:00,0.0761,0.0761
2023-08-14 05:03:51.972000+00:00,0.0379,0.0379
2023-08-14 02:07:54.743000+00:00,0.0,0.0
2023-08-13 23:07:24.529000+00:00,0.0,0.0
2023-08-13 20:06:58.488000+00:00,0.0,0.0
2023-08-13 17:06:27.194000+00:00,0.0956,0.0956
2023-08-13 14:08:00.793000+00:00,0.1039,0.1039
2023-08-13 11:07:08.514000+00:00,0.0817,0.0817
2023-08-13 08:06:00.885000+00:00,0.112,0.112
2023-08-13 05:07:36.853000+00:00,0.0,0.0
2023-08-13 02:06:50.716000+00:00,0.0,0.0
2023-08-12 23:06:18.910000+00:00,0.1899,0.1899
2023-08-12 20:05:31.820000+00:00,0.1429,0.1429
2023-08-12 17:06:38.190000+00:00,0.1141,0.1141
2023-08-12 14:08:08.504000+00:00,0.0906,0.0906
2023-08-12 11:07:06.451000+00:00,0.096,0.096
2023-08-12 05:07:45.647000+00:00,0.0,0.0
2023-08-12 02:07:09.975000+00:00,0.0,0.0
2023-08-11 23:06:38.565000+00:00,0.0,0.0
2023-08-11 20:11:03.102000+00:00,0.0801,0.0801
2023-08-11 17:04:58.536000+00:00,0.1149,0.1149
2023-08-11 14:07:18.510000+00:00,0.1139,0.1139
2023-08-11 11:06:22.873000+00:00,0.1014,0.1014
2023-08-11 08:05:28.759000+00:00,0.0902,0.0902
2023-08-11 05:04:52.665000+00:00,0.0478,0.0478
2023-08-11 02:04:04.725000+00:00,0.0,0.0
2023-08-10 23:03:23.606000+00:00,0.0,0.0
2023-08-10 20:07:42.916000+00:00,0.0,0.0
2023-08-10 17:07:12.719000+00:00,0.0952,0.0952
2023-08-10 14:03:47.171000+00:00,0.1087,0.1087
2023-08-10 11:05:20.815000+00:00,0.1018,0.1018
2023-08-10 08:04:29.740000+00:00,0.1044,0.1044
2023-08-10 05:03:46.379000+00:00,0.0307,0.0307
2023-08-10 02:07:54.556000+00:00,0.0,0.0
2023-08-09 23:07:13.722000+00:00,0.0,0.0
2023-08-09 20:06:42.916000+00:00,0.0,0.0
2023-08-09 17:06:07.696000+00:00,0.0951,0.0951
2023-08-09 14:05:17.691000+00:00,0.1049,0.1049
2023-08-09 11:04:19.174000+00:00,0.1319,0.1319
2023-08-09 08:03:17.389000+00:00,0.1055,0.1055
2023-08-09 05:07:32.777000+00:00,0.0454,0.0454
2023-08-09 02:06:40.967000+00:00,0.0,0.0
2023-08-08 23:06:10.919000+00:00,0.0,0.0
2023-08-08 20:05:33.996000+00:00,0.0,0.0
2023-08-08 17:05:03.599000+00:00,0.1048,0.1048
2023-08-08 14:03:47.474000+00:00,0.0986,0.0986
2023-08-08 11:07:42.228000+00:00,0.0839,0.0839
2023-08-08 08:06:47.051000+00:00,0.0937,0.0937
2023-08-08 05:06:07.561000+00:00,0.0524,0.0524
2023-08-08 02:05:19.092000+00:00,0.0,0.0
2023-08-07 23:04:53.689000+00:00,0.0,0.0
2023-08-07 20:04:02.090000+00:00,0.0,0.0
2023-08-07 17:03:20.888000+00:00,0.0936,0.0936
2023-08-07 14:07:28.246000+00:00,0.0876,0.0876
2023-08-07 11:06:31.146000+00:00,0.0834,0.0834
2023-08-07 08:05:35.560000+00:00,0.0879,0.0879
2023-08-07 05:04:58.298000+00:00,0.0333,0.0333
2023-08-07 02:07:35.624000+00:00,0.0022,0.0022
2023-08-06 23:03:00.705000+00:00,0.0083,0.0083
2023-08-06 20:07:44.742000+00:00,0.0022,0.0022
2023-08-06 17:03:50.838000+00:00,0.083,0.083
2023-08-06 14:02:52.123000+00:00,0.0897,0.0897
2023-08-06 11:02:46.042000+00:00,0.0639,0.0639
2023-08-06 08:03:25.704000+00:00,0.0827,0.0827
2023-08-06 05:07:27.705000+00:00,0.0,0.0
2023-08-06 02:07:02.329000+00:00,0.0,0.0
2023-08-05 23:06:17.015000+00:00,0.0838,0.0838
2023-08-05 20:05:24.157000+00:00,0.0546,0.0546
2023-08-05 17:07:20.527000+00:00,0.0631,0.0631
2023-08-05 14:03:49.272000+00:00,0.0818,0.0818
2023-08-05 11:17:42.047000+00:00,0.0695,0.0695
2023-08-05 08:07:25.976000+00:00,0.0707,0.0707
2023-08-05 02:05:29.306000+00:00,0.0,0.0
2023-08-04 23:04:57.884000+00:00,0.0026,0.0026
2023-08-04 20:04:12.588000+00:00,0.0698,0.0698
2023-08-04 17:05:49.442000+00:00,0.104,0.104
2023-08-04 14:04:47.362000+00:00,0.0778,0.0778
2023-08-04 11:06:09.356000+00:00,0.1026,0.1026
2023-08-04 08:05:13.336000+00:00,0.1918,0.1918
2023-08-04 05:04:13.339000+00:00,0.0594,0.0594
2023-08-04 02:03:30.244000+00:00,0.0,0.0
2023-08-03 23:02:59.291000+00:00,0.0,0.0
2023-08-03 20:07:29.395000+00:00,0.0,0.0
2023-08-03 17:07:03.227000+00:00,0.1201,0.1201
2023-08-03 14:03:32.983000+00:00,0.14,0.14
2023-08-03 11:05:07.289000+00:00,0.1608,0.1608
2023-08-03 08:06:40.733000+00:00,0.162,0.162
2023-08-03 05:05:51.550000+00:00,0.0558,0.0558
2023-08-03 02:04:20.149000+00:00,0.0,0.0
2023-08-02 23:03:44.496000+00:00,0.0,0.0
2023-08-02 20:03:16.970000+00:00,0.0223,0.0223
2023-08-02 17:07:21.148000+00:00,0.0833,0.0833
2023-08-02 14:03:50.844000+00:00,0.0021,0.0021
2023-08-02 11:02:05.948000+00:00,0.0891,0.0891
2023-08-02 08:02:50.488000+00:00,0.1454,0.1454
2023-08-02 05:07:02.879000+00:00,0.1336,0.1336
2023-08-02 02:06:21.178000+00:00,0.0,0.0
2023-08-01 23:05:54.977000+00:00,0.0,0.0
2023-08-01 20:05:23.892000+00:00,0.0,0.0
2023-08-01 17:04:53.518000+00:00,0.1507,0.1507
2023-08-01 14:06:12.455000+00:00,0.1911,0.1911
2023-08-01 11:06:55.387000+00:00,0.132,0.132
2023-08-01 08:02:44.639000+00:00,0.2235,0.2235
2023-08-01 05:06:42.011000+00:00,0.0607,0.0607
2023-08-01 02:04:25.379000+00:00,0.0019,0.0019
2023-07-31 23:02:30.257000+00:00,0.002,0.002
2023-07-31 20:03:26.888000+00:00,0.0021,0.0021
2023-07-31 17:06:10.110000+00:00,0.0918,0.0918
2023-07-31 14:04:38.456000+00:00,0.0678,0.0678
2023-07-31 11:08:30.610000+00:00,0.0784,0.0784
2023-07-31 08:04:07.873000+00:00,0.0858,0.0858
2023-07-31 05:04:53.217000+00:00,0.0573,0.0573
2023-07-31 02:03:55.204000+00:00,0.0,0.0
2023-07-30 23:03:13.929000+00:00,0.0,0.0
2023-07-30 20:02:38.015000+00:00,0.0,0.0
2023-07-30 17:07:13.238000+00:00,0.1321,0.1321
2023-07-30 11:05:20.726000+00:00,0.1082,0.1082
2023-07-30 08:04:31.173000+00:00,0.1119,0.1119
2023-07-30 05:03:28.459000+00:00,0.0,0.0
2023-07-30 02:02:47.554000+00:00,0.0,0.0
2023-07-29 23:02:12.399000+00:00,0.0859,0.0859
2023-07-29 20:06:22.414000+00:00,0.0959,0.0959
2023-07-29 14:06:17.483000+00:00,0.1005,0.1005
2023-07-29 11:02:51.063000+00:00,0.1022,0.1022
2023-07-29 08:07:02.649000+00:00,0.086,0.086
2023-07-29 05:06:04.205000+00:00,0.0,0.0
2023-07-29 02:05:39.203000+00:00,0.0,0.0
2023-07-28 23:04:59.134000+00:00,0.0,0.0
2023-07-28 20:04:12.873000+00:00,0.0675,0.0675
2023-07-28 17:00:54.710000+00:00,0.0868,0.0868
2023-07-28 14:02:27.529000+00:00,0.099,0.099
2023-07-28 11:06:27.275000+00:00,0.077,0.077
2023-07-28 08:05:40.374000+00:00,0.0899,0.0899
2023-07-28 05:05:03.199000+00:00,0.0371,0.0371
2023-07-28 02:04:15.418000+00:00,0.0,0.0
2023-07-27 23:03:44.763000+00:00,0.0,0.0
2023-07-27 20:03:13.576000+00:00,0.0,0.0
2023-07-27 17:02:47.022000+00:00,0.0881,0.0881
2023-07-27 14:07:02.212000+00:00,0.0972,0.0972
2023-07-27 11:06:09.861000+00:00,0.1067,0.1067
2023-07-27 08:02:44.412000+00:00,0.1055,0.1055
2023-07-27 05:06:57.523000+00:00,0.0791,0.0791
2023-07-27 02:06:04.328000+00:00,0.0,0.0
2023-07-26 23:05:37.576000+00:00,0.0,0.0
2023-07-26 20:05:11.697000+00:00,0.1257,0.1257
2023-07-26 17:04:01.824000+00:00,0.1109,0.1109
2023-07-26 14:02:59.767000+00:00,0.1355,0.1355
2023-07-26 11:02:05.188000+00:00,0.1239,0.1239
2023-07-26 08:06:18.611000+00:00,0.133,0.133
2023-07-26 05:05:28.163000+00:00,0.0188,0.0188
2023-07-26 02:04:26.782000+00:00,0.0,0.0
2023-07-25 23:03:49.949000+00:00,0.0,0.0
2023-07-25 20:03:04.338000+00:00,0.0,0.0
2023-07-25 17:02:33.720000+00:00,0.1086,0.1086
2023-07-25 14:04:03.680000+00:00,0.1295,0.1295
2023-07-25 11:05:39.265000+00:00,0.1282,0.1282
2023-07-25 08:04:46.255000+00:00,0.1206,0.1206
2023-07-25 05:04:17.509000+00:00,0.0467,0.0467
2023-07-25 02:03:20.185000+00:00,0.0,0.0
2023-07-24 23:02:48.893000+00:00,0.0,0.0
2023-07-24 20:02:23.791000+00:00,0.0,0.0
2023-07-24 17:01:53.444000+00:00,0.0773,0.0773
2023-07-24 14:05:53.583000+00:00,0.0817,0.0817
2023-07-24 11:09:47.358000+00:00,0.0838,0.0838
2023-07-24 05:03:02.546000+00:00,0.0269,0.0269
2023-07-24 02:02:12.412000+00:00,0.0,0.0
2023-07-23 23:06:42.969000+00:00,0.0,0.0
2023-07-23 20:06:16.930000+00:00,0.0,0.0
2023-07-23 17:05:46.217000+00:00,0.0826,0.0826
2023-07-23 14:04:30.591000+00:00,0.1191,0.1191
2023-07-23 11:06:13.022000+00:00,0.1351,0.1351
2023-07-23 08:05:05.251000+00:00,0.1666,0.1666
2023-07-23 05:03:57.363000+00:00,0.0,0.0
2023-07-23 02:03:27.256000+00:00,0.0,0.0
2023-07-22 23:02:56.801000+00:00,0.1025,0.1025
2023-07-22 20:02:06.138000+00:00,0.1345,0.1345
2023-07-22 17:03:02.676000+00:00,0.0834,0.0834
2023-07-22 14:02:00.921000+00:00,0.1492,0.1492
2023-07-22 11:03:24.789000+00:00,0.1268,0.1268
2023-07-22 08:04:58.834000+00:00,0.1261,0.1261
2023-07-22 05:03:57.170000+00:00,0.0,0.0
2023-07-22 02:03:31.437000+00:00,0.0,0.0
2023-07-21 23:02:56.037000+00:00,0.0,0.0
2023-07-21 20:02:08.451000+00:00,0.1068,0.1068
2023-07-21 17:06:13.203000+00:00,0.0897,0.0897
2023-07-21 11:04:24.201000+00:00,0.0753,0.0753
2023-07-21 08:03:38.138000+00:00,0.163,0.163
2023-07-21 05:05:25.119000+00:00,0.0384,0.0384
2023-07-21 02:04:35.875000+00:00,0.0,0.0
2023-07-20 23:04:09.376000+00:00,0.0,0.0
2023-07-20 20:03:37.820000+00:00,0.0,0.0
2023-07-20 17:03:06.122000+00:00,0.0994,0.0994
2023-07-20 14:05:26.618000+00:00,0.1019,0.1019
2023-07-20 11:04:25.219000+00:00,0.1074,0.1074
2023-07-20 05:05:02.098000+00:00,0.0923,0.0923
2023-07-19 23:03:13.153000+00:00,0.0,0.0
2023-07-19 20:02:41.867000+00:00,0.0904,0.0904
2023-07-19 17:01:30.278000+00:00,0.1058,0.1058
2023-07-19 14:05:29.893000+00:00,0.1155,0.1155
2023-07-19 11:04:28.994000+00:00,0.0987,0.0987
2023-07-19 08:03:22.058000+00:00,0.17,0.17
2023-07-19 05:05:06.701000+00:00,0.0585,0.0585
2023-07-19 02:04:24.399000+00:00,0.0,0.0
2023-07-18 23:03:48.611000+00:00,0.0,0.0
2023-07-18 20:03:12.793000+00:00,0.0,0.0
2023-07-18 17:02:41.785000+00:00,0.1189,0.1189
2023-07-18 14:04:08.703000+00:00,0.1157,0.1157
2023-07-18 11:03:07.703000+00:00,0.0856,0.0856
2023-07-18 08:03:58.033000+00:00,0.1396,0.1396
2023-07-18 05:03:16.163000+00:00,0.0598,0.0598
2023-07-18 02:02:28.809000+00:00,0.0,0.0
2023-07-17 23:01:58.653000+00:00,0.0,0.0
2023-07-17 20:01:28.258000+00:00,0.0,0.0
2023-07-17 17:05:57.893000+00:00,0.1482,0.1482
2023-07-17 14:05:06.488000+00:00,0.1354,0.1354
2023-07-17 11:04:22.302000+00:00,0.1437,0.1437
2023-07-17 08:03:38.267000+00:00,0.1386,0.1386
2023-07-17 05:02:51.380000+00:00,0.0627,0.0627
2023-07-17 02:01:48.045000+00:00,0.0,0.0
2023-07-16 23:06:18.206000+00:00,0.0,0.0
2023-07-16 20:05:52.960000+00:00,0.0,0.0
2023-07-16 17:05:27.233000+00:00,0.0932,0.0932
2023-07-16 14:04:37.213000+00:00,0.0852,0.0852
2023-07-16 11:06:11.294000+00:00,0.0906,0.0906
2023-07-16 08:05:18.667000+00:00,0.097,0.097
2023-07-16 05:01:55.916000+00:00,0.0,0.0
2023-07-16 02:01:14.134000+00:00,0.0,0.0
2023-07-15 23:05:39.012000+00:00,0.084,0.084
2023-07-15 20:04:51.057000+00:00,0.0576,0.0576
2023-07-15 17:03:21.182000+00:00,0.0934,0.0934
2023-07-15 14:02:24.810000+00:00,0.0949,0.0949
2023-07-15 11:03:50.331000+00:00,0.1208,0.1208
2023-07-15 08:03:01.371000+00:00,0.1013,0.1013
2023-07-15 05:04:41.529000+00:00,0.0,0.0
2023-07-15 02:04:11.587000+00:00,0.0,0.0
2023-07-14 23:03:46.667000+00:00,0.0,0.0
2023-07-14 20:02:57.320000+00:00,0.0855,0.0855
2023-07-14 17:02:12.287000+00:00,0.1259,0.1259
2023-07-14 14:01:11.022000+00:00,0.1296,0.1296
2023-07-14 11:02:36.618000+00:00,0.131,0.131
2023-07-14 08:01:44.634000+00:00,0.1252,0.1252
2023-07-14 05:03:25.588000+00:00,0.0483,0.0483
2023-07-14 02:02:29.277000+00:00,0.0,0.0
2023-07-13 23:01:57.866000+00:00,0.0,0.0
2023-07-13 20:01:31.957000+00:00,0.0,0.0
2023-07-13 17:01:06.649000+00:00,0.1365,0.1365
2023-07-13 14:02:34.904000+00:00,0.1049,0.1049
2023-07-13 11:01:31.416000+00:00,0.0955,0.0955
2023-07-13 08:05:33.835000+00:00,0.1034,0.1034
2023-07-13 05:04:51.223000+00:00,0.0646,0.0646
2023-07-13 02:03:51.972000+00:00,0.0,0.0
2023-07-12 23:03:11.231000+00:00,0.0,0.0
2023-07-12 20:02:45.350000+00:00,0.0,0.0
2023-07-12 17:02:20.340000+00:00,0.1064,0.1064
2023-07-12 14:03:39.039000+00:00,0.1052,0.1052
2023-07-12 11:05:14.554000+00:00,0.0855,0.0855
2023-07-12 08:03:44.629000+00:00,0.1248,0.1248
2023-07-12 05:05:29.577000+00:00,0.0481,0.0481
2023-07-12 02:03:54.199000+00:00,0.0,0.0
2023-07-11 23:03:22.401000+00:00,0.0,0.0
2023-07-11 20:02:51.893000+00:00,0.0,0.0
2023-07-11 17:02:11.529000+00:00,0.0934,0.0934
2023-07-11 14:01:05.067000+00:00,0.097,0.097
2023-07-11 11:05:08.385000+00:00,0.0908,0.0908
2023-07-11 08:04:14.221000+00:00,0.0995,0.0995
2023-07-11 05:01:09.634000+00:00,0.0688,0.0688
2023-07-11 02:05:23.701000+00:00,0.0,0.0
2023-07-10 23:04:52.459000+00:00,0.0,0.0
2023-07-10 20:04:27.125000+00:00,0.0,0.0
2023-07-10 17:03:58.044000+00:00,0.1016,0.1016
2023-07-10 11:02:09.775000+00:00,0.0993,0.0993
2023-07-10 08:01:18.408000+00:00,0.112,0.112
2023-07-10 05:05:32.837000+00:00,0.0555,0.0555
2023-07-10 02:04:34.354000+00:00,0.0,0.0
2023-07-09 23:04:04.332000+00:00,0.0,0.0
2023-07-09 20:03:30.314000+00:00,0.0,0.0
2023-07-09 17:03:05.261000+00:00,0.1427,0.1427
2023-07-09 14:04:34.695000+00:00,0.1102,0.1102
2023-07-09 11:03:51.723000+00:00,0.0993,0.0993
2023-07-09 08:02:58.513000+00:00,0.065,0.065
2023-07-09 05:02:54.540000+00:00,0.0019,0.0019
2023-07-09 02:01:45.719000+00:00,0.0021,0.0021
2023-07-08 22:58:34.140000+00:00,0.0526,0.0526
2023-07-08 20:00:56.931000+00:00,0.0629,0.0629
2023-07-08 17:01:51.169000+00:00,0.0702,0.0702
2023-07-08 11:07:00.549000+00:00,0.0966,0.0966
2023-07-08 08:03:01.558000+00:00,0.0926,0.0926
2023-07-08 05:03:02.143000+00:00,0.0,0.0
2023-07-08 02:02:36.132000+00:00,0.0,0.0
2023-07-07 23:02:05.626000+00:00,0.0,0.0
2023-07-07 20:01:24.752000+00:00,0.0715,0.0715
2023-07-07 17:05:20.192000+00:00,0.1153,0.1153
2023-07-07 14:04:28.309000+00:00,0.0973,0.0973
2023-07-07 11:03:38.778000+00:00,0.1277,0.1277
2023-07-07 05:01:59.409000+00:00,0.0404,0.0404
2023-07-07 02:00:56.275000+00:00,0.0,0.0
2023-07-06 23:05:25.536000+00:00,0.0,0.0
2023-07-06 20:04:49.917000+00:00,0.0,0.0
2023-07-06 17:04:13.938000+00:00,0.0992,0.0992
2023-07-06 14:03:01.617000+00:00,0.1097,0.1097
2023-07-06 11:02:02.855000+00:00,0.1015,0.1015
2023-07-06 08:04:29.538000+00:00,0.1148,0.1148
2023-07-06 05:03:52.129000+00:00,0.058,0.058
2023-07-06 02:03:04.075000+00:00,0.0,0.0
2023-07-05 23:02:34.233000+00:00,0.0,0.0
2023-07-05 20:02:08.045000+00:00,0.0,0.0
2023-07-05 17:01:42.677000+00:00,0.1303,0.1303
2023-07-05 14:03:11.915000+00:00,0.1271,0.1271
2023-07-05 11:04:39.372000+00:00,0.1081,0.1081
2023-07-05 08:02:09.323000+00:00,0.1044,0.1044
2023-07-05 05:01:21.257000+00:00,0.0479,0.0479
2023-07-05 02:04:58.784000+00:00,0.0,0.0
2023-07-04 23:04:13.124000+00:00,0.0,0.0
2023-07-04 20:03:48.217000+00:00,0.0,0.0
2023-07-04 17:03:11.579000+00:00,0.0849,0.0849
2023-07-04 14:04:44.112000+00:00,0.0751,0.0751
2023-07-04 10:58:32.590000+00:00,0.0894,0.0894
2023-07-04 08:02:13.602000+00:00,0.0927,0.0927
2023-07-04 05:06:37.662000+00:00,0.1266,0.1266
2023-07-04 02:00:49.581000+00:00,0.0,0.0
2023-07-03 23:05:19.664000+00:00,0.0,0.0
2023-07-03 20:04:47.974000+00:00,0.0,0.0
2023-07-03 17:04:16.730000+00:00,0.1083,0.1083
2023-07-03 14:03:23.667000+00:00,0.1113,0.1113
2023-07-03 08:04:03.252000+00:00,0.0965,0.0965
2023-07-03 05:03:26.191000+00:00,0.0515,0.0515
2023-07-03 02:02:27.233000+00:00,0.0,0.0
2023-07-02 20:01:26.714000+00:00,0.0,0.0
2023-07-02 17:00:55.205000+00:00,0.1009,0.1009
2023-07-02 14:02:12.637000+00:00,0.0863,0.0863
2023-07-02 11:01:11.333000+00:00,0.0963,0.0963
2023-07-02 08:05:16.341000+00:00,0.0973,0.0973
2023-07-02 05:04:25.010000+00:00,0.0,0.0
2023-07-02 02:03:43.482000+00:00,0.0,0.0
2023-07-01 23:03:18.530000+00:00,0.0759,0.0759
2023-07-01 20:02:19.746000+00:00,0.0881,0.0881
2023-07-01 17:01:27.344000+00:00,0.1146,0.1146
2023-07-01 14:00:35.256000+00:00,0.0985,0.0985
2023-07-01 11:04:40.476000+00:00,0.1261,0.1261
2023-07-01 08:03:54.362000+00:00,0.1006,0.1006
2023-07-01 05:03:02.408000+00:00,0.0,0.0
2023-07-01 02:02:30.672000+00:00,0.0,0.0
2023-06-30 23:02:00.320000+00:00,0.0,0.0
2023-06-30 20:01:15.680000+00:00,0.0737,0.0737
2023-06-30 17:02:20.954000+00:00,0.1355,0.1355
2023-06-30 14:03:41.133000+00:00,0.1085,0.1085
2023-06-30 11:00:50.202000+00:00,0.1186,0.1186
2023-06-30 08:04:55.846000+00:00,0.1379,0.1379
2023-06-30 05:04:58.668000+00:00,0.0614,0.0614
2023-06-30 02:04:06.489000+00:00,0.0,0.0
2023-06-29 23:03:40.365000+00:00,0.0,0.0
2023-06-29 20:03:10.193000+00:00,0.0,0.0
2023-06-29 17:02:45.233000+00:00,0.118,0.118
2023-06-29 14:01:50.110000+00:00,0.1016,0.1016
2023-06-29 11:00:50.495000+00:00,0.1101,0.1101
2023-06-29 08:04:55.265000+00:00,0.0968,0.0968
2023-06-29 05:02:21.188000+00:00,0.041,0.041
2023-06-29 02:01:39.194000+00:00,0.0,0.0
2023-06-28 23:00:57.948000+00:00,0.0,0.0
2023-06-28 20:00:22.524000+00:00,0.0,0.0
2023-06-28 17:04:57.810000+00:00,0.0951,0.0951
2023-06-28 14:03:56.026000+00:00,0.0987,0.0987
2023-06-28 11:03:27.273000+00:00,0.0967,0.0967
2023-06-28 08:02:34.682000+00:00,0.1008,0.1008
2023-06-28 05:04:19.998000+00:00,0.0571,0.0571
2023-06-28 02:03:28.279000+00:00,0.0,0.0
2023-06-27 23:03:02.707000+00:00,0.0,0.0
2023-06-27 20:02:31.295000+00:00,0.0,0.0
2023-06-27 17:02:05.239000+00:00,0.117,0.117
2023-06-27 14:01:18.261000+00:00,0.0972,0.0972
2023-06-27 11:00:17.356000+00:00,0.1026,0.1026
2023-06-27 08:04:27.812000+00:00,0.1003,0.1003
2023-06-27 05:03:45.301000+00:00,0.0171,0.0171
2023-06-27 02:00:20.465000+00:00,0.002,0.002
2023-06-26 23:03:00.614000+00:00,0.002,0.002
2023-06-26 20:01:05.398000+00:00,0.0021,0.0021
2023-06-26 17:04:05.801000+00:00,0.1136,0.1136
2023-06-26 14:00:34.071000+00:00,0.09,0.09
2023-06-26 11:04:36.469000+00:00,0.1004,0.1004
2023-06-26 08:03:38.635000+00:00,0.12,0.12
2023-06-26 05:02:58.404000+00:00,0.0503,0.0503
2023-06-26 02:02:04.352000+00:00,0.0,0.0
2023-06-25 23:01:28.149000+00:00,0.0,0.0
2023-06-25 20:00:57.295000+00:00,0.0,0.0
2023-06-25 11:00:58.550000+00:00,0.1123,0.1123
2023-06-25 07:59:57.157000+00:00,0.0602,0.0602
2023-06-25 05:05:14.746000+00:00,0.0021,0.0021
2023-06-25 02:02:48.120000+00:00,0.0022,0.0022
2023-06-24 23:00:49.989000+00:00,0.002,0.002
2023-06-24 20:04:36.267000+00:00,0.002,0.002
2023-06-24 17:17:15.391000+00:00,0.1071,0.1071
2023-06-24 14:01:21.446000+00:00,0.0964,0.0964
2023-06-24 11:02:48.615000+00:00,0.138,0.138
2023-06-24 08:01:58.373000+00:00,0.1391,0.1391
2023-06-24 05:01:10.018000+00:00,0.0,0.0
2023-06-24 02:00:33.620000+00:00,0.0,0.0
2023-06-23 22:59:57.584000+00:00,0.0,0.0
2023-06-23 20:04:17.776000+00:00,0.0,0.0
2023-06-23 17:03:41.819000+00:00,0.1311,0.1311
2023-06-23 14:02:50.925000+00:00,0.0912,0.0912
2023-06-23 11:02:28.908000+00:00,0.1341,0.1341
2023-06-23 08:01:25.695000+00:00,0.093,0.093
2023-06-23 05:01:30.927000+00:00,0.002,0.002
2023-06-23 01:57:39.016000+00:00,0.002,0.002
2023-06-22 23:13:45.198000+00:00,0.0021,0.0021
2023-06-22 20:03:07.231000+00:00,0.0021,0.0021
2023-06-22 17:08:06.632000+00:00,0.112,0.112
2023-06-22 14:00:09.064000+00:00,0.1173,0.1173
2023-06-22 11:04:16.962000+00:00,0.0454,0.0454
2023-06-22 08:00:11.735000+00:00,0.168,0.168
2023-06-22 04:59:41.929000+00:00,0.0609,0.0609
2023-06-22 02:03:56.147000+00:00,0.0,0.0
2023-06-21 23:03:25.970000+00:00,0.0,0.0
2023-06-21 20:02:54.131000+00:00,0.0,0.0
2023-06-21 17:02:23.121000+00:00,0.1116,0.1116
2023-06-21 14:01:32.092000+00:00,0.1251,0.1251
2023-06-21 11:03:09.825000+00:00,0.0282,0.0282
2023-06-21 08:01:58.117000+00:00,0.1291,0.1291
2023-06-21 04:59:35.099000+00:00,0.0977,0.0977
2023-06-21 02:03:47.173000+00:00,0.0,0.0
2023-06-20 23:03:21.379000+00:00,0.0,0.0
2023-06-20 20:02:40.619000+00:00,0.0,0.0
2023-06-20 17:02:14.752000+00:00,0.1294,0.1294
2023-06-20 14:01:24.315000+00:00,0.0888,0.0888
2023-06-20 11:00:34.712000+00:00,0.0527,0.0527
2023-06-20 07:59:47.621000+00:00,0.0894,0.0894
2023-06-20 05:04:09.123000+00:00,0.0956,0.0956
2023-06-20 02:03:25.526000+00:00,0.0,0.0
2023-06-19 23:02:59.165000+00:00,0.0,0.0
2023-06-19 20:02:32.851000+00:00,0.0,0.0
2023-06-19 17:02:02.157000+00:00,0.1226,0.1226
2023-06-19 14:03:40.853000+00:00,0.1071,0.1071
2023-06-19 11:00:18.103000+00:00,0.0649,0.0649
2023-06-19 07:59:31.479000+00:00,0.1139,0.1139
2023-06-19 05:03:48.333000+00:00,0.1013,0.1013
2023-06-19 02:02:55.120000+00:00,0.0,0.0
2023-06-18 23:02:13.545000+00:00,0.0,0.0
2023-06-18 20:01:43.009000+00:00,0.0,0.0
2023-06-18 17:01:12.998000+00:00,0.1169,0.1169
2023-06-18 14:00:21.541000+00:00,0.0942,0.0942
2023-06-18 11:01:47.158000+00:00,0.1057,0.1057
2023-06-18 08:03:20.509000+00:00,0.0757,0.0757
2023-06-18 05:02:32.403000+00:00,0.0,0.0
2023-06-18 02:01:56.656000+00:00,0.0,0.0
2023-06-17 23:01:26.716000+00:00,0.0,0.0
2023-06-17 20:01:00.325000+00:00,0.0,0.0
2023-06-17 17:00:24.682000+00:00,0.0841,0.0841
2023-06-17 13:59:33.270000+00:00,0.0799,0.0799
2023-06-17 11:03:45.430000+00:00,0.1036,0.1036
2023-06-17 08:00:21.696000+00:00,0.0853,0.0853
2023-06-17 05:02:04.360000+00:00,0.0,0.0
2023-06-17 02:01:33.867000+00:00,0.0,0.0
2023-06-16 23:01:03.270000+00:00,0.0,0.0
2023-06-16 20:00:38.132000+00:00,0.0,0.0
2023-06-16 17:00:07.134000+00:00,0.1169,0.1169
2023-06-16 13:59:16.500000+00:00,0.1449,0.1449
2023-06-16 11:03:29.114000+00:00,0.0491,0.0491
2023-06-16 08:02:47.725000+00:00,0.1177,0.1177
2023-06-16 04:59:31.387000+00:00,0.0714,0.0714
2023-06-16 02:03:46.924000+00:00,0.0,0.0
2023-06-15 23:03:06.647000+00:00,0.0,0.0
2023-06-15 20:02:41.160000+00:00,0.0,0.0
2023-06-15 17:02:09.625000+00:00,0.1236,0.1236
2023-06-15 14:01:19.866000+00:00,0.1128,0.1128
2023-06-15 11:00:31.467000+00:00,0.0659,0.0659
2023-06-15 07:59:49.489000+00:00,0.1117,0.1117
2023-06-15 04:59:08.400000+00:00,0.1016,0.1016
2023-06-15 02:03:24.613000+00:00,0.0,0.0
2023-06-14 23:02:42.865000+00:00,0.0,0.0
2023-06-14 20:02:01.416000+00:00,0.0,0.0
2023-06-14 17:01:24.621000+00:00,0.1377,0.1377
2023-06-14 14:00:34.539000+00:00,0.1224,0.1224
2023-06-14 10:59:44.175000+00:00,0.0978,0.0978
2023-06-14 08:03:56.791000+00:00,0.1003,0.1003
2023-06-14 05:03:16.995000+00:00,0.0565,0.0565
2023-06-14 02:01:41.626000+00:00,0.0,0.0
2023-06-13 23:01:00.633000+00:00,0.0,0.0
2023-06-13 20:00:25.500000+00:00,0.0,0.0
2023-06-13 16:59:59.832000+00:00,0.1294,0.1294
2023-06-13 14:01:36.186000+00:00,0.1198,0.1198
2023-06-13 11:00:40.526000+00:00,0.1009,0.1009
2023-06-13 07:59:54.557000+00:00,0.0754,0.0754
2023-06-13 05:01:42.051000+00:00,0.0969,0.0969
2023-06-13 02:00:53.321000+00:00,0.0,0.0
2023-06-12 23:00:22.068000+00:00,0.0,0.0
2023-06-12 19:59:56.052000+00:00,0.0,0.0
2023-06-12 16:59:29.236000+00:00,0.0908,0.0908
2023-06-12 14:03:37.503000+00:00,0.1126,0.1126
2023-06-12 11:08:08.144000+00:00,0.0858,0.0858
2023-06-12 08:02:06.798000+00:00,0.093,0.093
2023-06-12 04:58:52.220000+00:00,0.0675,0.0675
2023-06-12 01:59:54.812000+00:00,0.0,0.0
2023-06-11 22:59:24.333000+00:00,0.0,0.0
2023-06-11 19:58:52.581000+00:00,0.0,0.0
2023-06-11 17:03:21.743000+00:00,0.1143,0.1143
2023-06-11 14:02:24.832000+00:00,0.1101,0.1101
2023-06-11 10:58:56.315000+00:00,0.1073,0.1073
2023-06-11 08:03:06.383000+00:00,0.0841,0.0841
2023-06-11 05:02:14.723000+00:00,0.0,0.0
2023-06-11 02:01:33.804000+00:00,0.0,0.0
2023-06-10 23:01:03.095000+00:00,0.0,0.0
2023-06-10 20:00:36.481000+00:00,0.0,0.0
2023-06-10 17:00:06.055000+00:00,0.1069,0.1069
2023-06-10 13:59:13.579000+00:00,0.1285,0.1285
2023-06-10 11:02:04.525000+00:00,0.1378,0.1378
2023-06-10 08:01:18.480000+00:00,0.0976,0.0976
2023-06-10 04:59:44.534000+00:00,0.0,0.0
2023-06-10 01:59:10.969000+00:00,0.0,0.0
2023-06-09 23:03:36.374000+00:00,0.0,0.0
2023-06-09 20:03:05.371000+00:00,0.0,0.0
2023-06-09 17:02:34.147000+00:00,0.1394,0.1394
2023-06-09 14:01:45.063000+00:00,0.1247,0.1247
2023-06-09 11:05:50.510000+00:00,0.0068,0.0068
2023-06-09 07:59:57.036000+00:00,0.1537,0.1537
2023-06-09 04:59:18.443000+00:00,0.016,0.016
2023-06-09 02:02:03.418000+00:00,0.0022,0.0022
2023-06-08 22:58:59.237000+00:00,0.0021,0.0021
2023-06-08 19:58:50.639000+00:00,0.0019,0.0019
2023-06-08 17:01:40.734000+00:00,0.1343,0.1343
2023-06-08 14:00:51.172000+00:00,0.1404,0.1404
2023-06-08 10:59:19.436000+00:00,0.0019,0.0019
2023-06-08 08:02:44.326000+00:00,0.107,0.107
2023-06-08 05:02:13.136000+00:00,0.1161,0.1161
2023-06-08 02:01:19.041000+00:00,0.0,0.0
2023-06-07 23:00:38.302000+00:00,0.0,0.0
2023-06-07 20:00:02.870000+00:00,0.0,0.0
2023-06-07 16:59:37.618000+00:00,0.1348,0.1348
2023-06-07 14:01:18.644000+00:00,0.1049,0.1049
2023-06-07 11:00:25.410000+00:00,0.03,0.03
2023-06-07 07:59:43.924000+00:00,0.0971,0.0971
2023-06-06 20:01:57.753000+00:00,0.0,0.0
2023-06-06 17:01:27.617000+00:00,0.0829,0.0829
2023-06-06 14:00:29.222000+00:00,0.0924,0.0924
2023-06-06 10:59:40.382000+00:00,0.0787,0.0787
2023-06-06 08:00:50.674000+00:00,0.064,0.064
2023-06-06 01:59:24.211000+00:00,0.0,0.0
2023-06-05 17:02:32.399000+00:00,0.1047,0.1047
2023-06-05 11:00:55.246000+00:00,0.0612,0.0612
2023-06-05 08:00:13.398000+00:00,0.1117,0.1117
2023-06-05 04:59:24.615000+00:00,0.0793,0.0793
2023-06-05 01:58:32.098000+00:00,0.0,0.0
2023-06-04 23:03:07.178000+00:00,0.0,0.0
2023-06-04 20:02:41.811000+00:00,0.0,0.0
2023-06-04 17:02:15.255000+00:00,0.1014,0.1014
2023-06-04 14:01:30.013000+00:00,0.1068,0.1068
2023-06-04 11:03:01.530000+00:00,0.1071,0.1071
2023-06-04 08:02:17.521000+00:00,0.092,0.092
2023-06-04 05:01:12.123000+00:00,0.0,0.0
2023-06-04 02:00:41.763000+00:00,0.0,0.0
2023-06-03 23:00:11.122000+00:00,0.0,0.0
2023-06-03 19:59:45.722000+00:00,0.0,0.0
2023-06-03 16:59:15.554000+00:00,0.1286,0.1286
2023-06-03 13:58:53.828000+00:00,0.1386,0.1386
2023-06-03 11:02:49.170000+00:00,0.1318,0.1318
2023-06-03 07:59:20.189000+00:00,0.0941,0.0941
2023-06-03 04:58:16.914000+00:00,0.0,0.0
2023-06-03 02:02:26.189000+00:00,0.0,0.0
2023-06-02 23:01:55.917000+00:00,0.0,0.0
2023-06-02 20:01:25.112000+00:00,0.0,0.0
2023-06-02 17:00:48.520000+00:00,0.1093,0.1093
2023-06-02 14:02:18.354000+00:00,0.1211,0.1211
2023-06-02 11:01:23.636000+00:00,0.0562,0.0562
2023-06-02 08:00:31.731000+00:00,0.145,0.145
2023-06-02 04:59:36.012000+00:00,0.194,0.194
2023-06-02 01:58:47.523000+00:00,0.0,0.0
2023-06-01 22:58:22.467000+00:00,0.0,0.0
2023-06-01 20:02:51.474000+00:00,0.0,0.0
2023-06-01 17:02:15.118000+00:00,0.1217,0.1217
2023-06-01 14:01:14.075000+00:00,0.1085,0.1085
2023-06-01 11:00:22.934000+00:00,0.0269,0.0269
2023-06-01 08:01:41.309000+00:00,0.1232,0.1232
2023-06-01 04:58:20.594000+00:00,0.0726,0.0726
2023-06-01 02:02:27.861000+00:00,0.0,0.0
2023-05-31 23:01:52.334000+00:00,0.0,0.0
2023-05-31 20:01:20.801000+00:00,0.0,0.0
2023-05-31 17:00:48.944000+00:00,0.1557,0.1557
2023-05-31 13:58:19.133000+00:00,0.1244,0.1244
2023-05-31 10:59:58.865000+00:00,0.1068,0.1068
2023-05-31 07:58:37.518000+00:00,0.1056,0.1056
2023-05-31 04:58:06.745000+00:00,0.0799,0.0799
2023-05-31 02:02:24.737000+00:00,0.0,0.0
2023-05-30 23:01:54.859000+00:00,0.0,0.0
2023-05-30 20:01:29.863000+00:00,0.0,0.0
2023-05-30 17:01:03.570000+00:00,0.1107,0.1107
2023-05-30 14:00:19.681000+00:00,0.0938,0.0938
2023-05-30 10:59:28.463000+00:00,0.0814,0.0814
2023-05-30 07:58:37.135000+00:00,0.1176,0.1176
2023-05-30 04:58:05.043000+00:00,0.0885,0.0885
2023-05-30 02:02:12.719000+00:00,0.0,0.0
2023-05-29 23:01:46.079000+00:00,0.0,0.0
2023-05-29 20:01:15.911000+00:00,0.0,0.0
2023-05-29 17:00:34.813000+00:00,0.1335,0.1335
2023-05-29 13:59:49.381000+00:00,0.1034,0.1034
2023-05-29 10:58:28.494000+00:00,0.0454,0.0454
2023-05-29 07:58:35.599000+00:00,0.1103,0.1103
2023-05-29 05:02:51.985000+00:00,0.0724,0.0724
2023-05-29 02:01:58.029000+00:00,0.0,0.0
2023-05-28 23:01:32.149000+00:00,0.0,0.0
2023-05-28 20:01:06.020000+00:00,0.0,0.0
2023-05-28 17:00:40.134000+00:00,0.1337,0.1337
2023-05-28 13:59:58.408000+00:00,0.1215,0.1215
2023-05-28 10:59:13.337000+00:00,0.1305,0.1305
2023-05-28 08:00:57.288000+00:00,0.0984,0.0984
2023-05-28 04:59:38.674000+00:00,0.0,0.0
2023-05-28 01:59:07.641000+00:00,0.0,0.0
2023-05-27 22:58:41.273000+00:00,0.0,0.0
2023-05-27 19:58:16.187000+00:00,0.0,0.0
2023-05-27 17:07:46.137000+00:00,0.1612,0.1612
2023-05-27 14:01:52.317000+00:00,0.1177,0.1177
2023-05-27 11:01:03.640000+00:00,0.1149,0.1149
2023-05-27 08:00:18.922000+00:00,0.0899,0.0899
2023-05-27 04:58:43.424000+00:00,0.0,0.0
2023-05-27 02:02:05.252000+00:00,0.0024,0.0024
2023-05-26 23:01:32.513000+00:00,0.002,0.002
2023-05-26 20:05:08.192000+00:00,0.0019,0.0019
2023-05-26 16:57:47.678000+00:00,0.1242,0.1242
2023-05-26 14:00:21.101000+00:00,0.1248,0.1248
2023-05-26 10:59:22.333000+00:00,0.0835,0.0835
2023-05-26 07:58:25.280000+00:00,0.1162,0.1162
2023-05-26 04:57:52.228000+00:00,0.0776,0.0776
2023-05-25 23:01:39.271000+00:00,0.0,0.0
2023-05-25 20:01:08.346000+00:00,0.0,0.0
2023-05-25 17:00:42.385000+00:00,0.1273,0.1273
2023-05-25 13:59:58.458000+00:00,0.1529,0.1529
2023-05-25 10:59:10.193000+00:00,0.0527,0.0527
2023-05-25 07:58:20.287000+00:00,0.1301,0.1301
2023-05-25 04:57:45.655000+00:00,0.0918,0.0918
2023-05-25 02:01:53.959000+00:00,0.0,0.0
2023-05-24 23:01:27.557000+00:00,0.0,0.0
2023-05-24 20:00:45.535000+00:00,0.0,0.0
2023-05-24 17:00:14.284000+00:00,0.1066,0.1066
2023-05-24 13:57:49.103000+00:00,0.121,0.121
2023-05-24 11:02:06.434000+00:00,0.0303,0.0303
2023-05-24 08:00:48.528000+00:00,0.1041,0.1041
2023-05-24 05:00:10.762000+00:00,0.116,0.116
2023-05-24 01:59:17.349000+00:00,0.0,0.0
2023-05-23 22:58:35.901000+00:00,0.0,0.0
2023-05-23 19:58:05.359000+00:00,0.0,0.0
2023-05-23 16:57:33.484000+00:00,0.0966,0.0966
2023-05-23 14:01:42.992000+00:00,0.1119,0.1119
2023-05-23 11:00:46.704000+00:00,0.0673,0.0673
2023-05-23 08:00:03.751000+00:00,0.0886,0.0886
2023-05-23 04:59:24.737000+00:00,0.0775,0.0775
2023-05-23 01:58:20.435000+00:00,0.0,0.0
2023-05-22 22:57:54.724000+00:00,0.0,0.0
2023-05-22 20:02:19.972000+00:00,0.0,0.0
2023-05-22 17:01:49.685000+00:00,0.0956,0.0956
2023-05-22 14:01:01.404000+00:00,0.1443,0.1443
